Stock Code,Current Price,Report Evaluation,Diversity of Report Source,Acceptable Purchase Price,Ratio,Reports (1Y),Errors
MSN,75300.0,89850.0,9,71880.0,0.8380634390651085,15,
SAB,42750.0,46710.0,7,37368.0,0.9152215799614644,13,
VNM,57700.0,64662.85714285715,11,51730.285714285725,0.8923206079886885,23,
GVR,34700.0,32580.0,7,26064.0,1.0650705954573358,11,
MWG,76400.0,91863.94736842105,20,73491.15789473684,0.831664675736143,40,
DGW,47250.0,43749.0,14,34999.200000000004,1.0800246862785434,20,
FRT,152200.0,150549.54545454547,14,120439.63636363638,1.0109628663472308,22,
PNJ,18900.0,72818.18181818182,14,58254.54545454546,0.25955056179775277,29,
IMP,36850.0,46147.5,5,36918.0,0.7985264640554743,8,
DHG,89500.0,92250.0,2,73800.0,0.9701897018970189,2,
MBB,19100.0,22658.4,16,18126.72,0.8429544892843271,27,
VCB,56900.0,67230.0,13,53784.0,0.846348356388517,20,
BID,34500.0,39624.545454545456,10,31699.636363636368,0.8706724482070342,12,
FOX,58000.0,83520.0,3,66816.0,0.6944444444444444,3,
FPT,60500.0,85420.38461538462,14,68336.3076923077,0.7082618542682569,28,
HPG,20300.0,28959.75,22,23167.800000000003,0.7009729020450798,44,
DGC,32950.0,93559.09090909091,11,74847.27272727274,0.3521838410338629,19,
CTR,69800.0,78409.28571428571,10,62727.42857142857,0.8902006868719995,17,
VCG,13600.0,21750.0,6,17400.0,0.6252873563218391,7,
PC1,19400.0,26410.909090909092,10,21128.727272727276,0.7345449538758089,16,
GMD,55300.0,49417.5,23,39534.0,1.1190367784691657,40,
POW,12600.0,16462.8,16,13170.24,0.7653619068445222,29,
QTP,10700.0,13281.42857142857,2,10625.142857142857,0.8056362267398086,7,
VIC,230000.0,,1,,,1,no_1y_reports_or_no_targetPrice; 
VHM,68000.0,58320.0,5,46656.0,1.1659807956104253,10,
DXG,9770.0,16590.0,7,13272.0,0.5889089813140446,8,
DIG,9280.0,,0,,,0,no_1y_reports_or_no_targetPrice; 
KDH,13450.0,29520.0,9,23616.0,0.45562330623306235,17,
KDC,50300.0,,0,,,0,no_1y_reports_or_no_targetPrice; 
KBC,25250.0,35792.30769230769,13,28633.846153846152,0.7054588437567162,26,
DPM,21900.0,24897.272727272728,9,19917.818181818184,0.8796144155986416,14,
PDR,11000.0,20322.0,5,16257.6,0.5412853065643145,5,
STB,65800.0,56910.0,8,45528.0,1.1562115621156213,8,
SHB,10700.0,15300.0,1,12240.0,0.6993464052287581,1,
SSI,19450.0,27510.0,2,22008.0,0.7070156306797528,3,
HUT,12200.0,,0,,,0,no_1y_reports_or_no_targetPrice; 
VCI,19100.0,27750.0,2,22200.0,0.6882882882882883,3,
VJC,128400.0,106582.5,3,85266.0,1.2047005840546057,5,
GEX,22600.0,30937.5,3,24750.0,0.7305050505050505,4,
EIB,16350.0,23400.0,2,18720.0,0.6987179487179487,2,
PLX,37250.0,42938.18181818182,8,34350.54545454546,0.8675262533875338,13,
VRE,23150.0,31950.0,6,25560.0,0.7245696400625978,14,
VIX,11650.0,,0,,,0,no_1y_reports_or_no_targetPrice; 
VND,13600.0,,0,,,0,no_1y_reports_or_no_targetPrice; 
MCH,142700.0,118507.5,6,94806.0,1.20414319768791,6,
VPL,79200.0,,1,,,1,no_1y_reports_or_no_targetPrice; 
TCX,27700.0,,1,,,1,no_1y_reports_or_no_targetPrice; 
NVL,10250.0,12510.0,1,10008.0,0.8193445243804957,1,
